Hours_studied,Exam_score
1,47.483570765056164
2,49.308678494144075
3,58.23844269050346
4,67.61514928204012
5,63.82923312638332
6,68.8293152152541
7,82.89606407753696
8,83.83717364576455
9,82.65262807032524
10,92.71280021792982
11,92.68291153593769
12,97.67135123214871
13,106.20981135783018
14,100.43359877671101
15,106.37541083743484
16,117.18856235379513
17,119.93584439832789
18,131.57123666297636
19,130.45987962239394
20,132.93848149332354
